{
  "n_files": 98.0,
  "mae_mm": 0.00164,
  "rmse_mm": 0.00231,
  "r2": 0.9999,
  "bias_mm": -0.00089,
  "p90_abs_error_mm": 0.00405,
  "step_accuracy": 1.0,
  "confident_pct": 1.0,
  "mae_confident_mm": 0.00164
}